Rank,Title,Description,Developer,Release Date,Genre,Metascore,User Score,Platform
1,The Legend of Zelda: Ocarina of Time,"As a young boy, Link is tricked by Ganondorf, the King of the Gerudo Thieves. The evil human uses Link to gain access to the Sacred Realm, where he places his tainted hands on Triforce and transforms the beautiful Hyrulean landscape into a barren wasteland. Link is determined to fix the problems he helped to create, so with the help of R...",Nintendo,"Nov 23, 1998",Open-World Action,99,9.1,Nintendo 64
2,SoulCalibur,"[Xbox Live Arcade]  Soulcalibur, the highest Metascoring game on the Dreamcast, has returned to the next generation. Sharpen your blades as you relive old grudges against classic adversaries in new high definition graphics. Prove your mettle against the world with a variety of leaderboards spanning every character and mode, or challenge...",Namco,"Sep 8, 1999",3D Fighting,98,7.8,"Dreamcast, iOS (iPhone/iPad), Xbox 360"
3,Grand Theft Auto IV,"[Metacritic's 2008 PS3 Game of the Year; Also known as ""GTA IV""]  What does the American Dream mean today? For Niko Belic, fresh off the boat from Europe. It's the hope he can escape his past. For his cousin, Roman, it is the vision that together they can find fortune in Liberty City, gateway to the land of opportunity. As they slip into...",Rockstar North,"Apr 29, 2008",Open-World Action,98,8.3,"PlayStation 3, Xbox 360, PC"
4,Super Mario Galaxy,"[Metacritic's 2007 Wii Game of the Year] The ultimate Nintendo hero is taking the ultimate step ... out into space. Join Mario as he ushers in a new era of video games, defying gravity across all the planets in the galaxy. When some creature escapes into space with Princess Peach, Mario gives chase, exploring bizarre planets all across t...",Nintendo,"Nov 12, 2007",3D Platformer,97,9.1,Wii
5,Super Mario Galaxy 2,"Super Mario Galaxy 2, the sequel to the galaxy-hopping original game, includes the gravity-defying, physics-based exploration from the first game, but is loaded with entirely new galaxies and features to challenge players. On some stages, Mario can pair up with his dinosaur buddy Yoshi and use his tongue to grab items and spit them back...",Nintendo EAD Tokyo,"May 23, 2010",3D Platformer,97,9.0,Wii
6,The Legend of Zelda: Breath of the Wild,"Ignore everything you know about The Legend of Zelda games. Step into a world of discovery, exploration and adventure in The Legend of Zelda: Breath of the Wild. Travel across fields, through forests and to mountain peaks as you discover what has become of the ruined kingdom of Hyrule in this stunning open-air adventure. Explore the wild...",Nintendo,"Mar 3, 2017",Open-World Action,97,8.9,"Wii U, Nintendo Switch"
7,Tony Hawk's Pro Skater 3,Challenge up to four friends in online competitions over a LAN or the Internet.  Take them on in both Trick Attack and Graffiti modes. [Activision],Neversoft Entertainment,"Oct 30, 2001",Skating,97,7.7,"PlayStation 2, GameCube, Xbox, PlayStation, PC, Game Boy Advance, Nintendo 64"
8,Perfect Dark (2000),"[Xbox Live Arcade]  Agent Joanna Dark hit the ground running in Perfect Dark, an epic tale of galactic conspiracies in 2023 America. Now this classic shooter comes to Xbox LIVE Arcade, rendered in greater definition and detail and sporting a silkier framerate than ever before. Fire up your Farsight and prepare for assignment—the Dark ret...",Rare Ltd.,"May 22, 2000",FPS,97,8.5,"Nintendo 64, Xbox 360"
9,Red Dead Redemption 2,"Developed by the creators of Grand Theft Auto V and Red Dead Redemption, Red Dead Redemption 2 is an epic tale of life in America’s unforgiving heartland. The game’s vast and atmospheric world also provides the foundation for a brand new online multiplayer experience. America, 1899. The end of the Wild West era has begun. After a robbery...",Rockstar Games,"Oct 26, 2018",Open-World Action,97,8.9,"Xbox One, PlayStation 4, PC"
10,Grand Theft Auto V,"Los Santos is a vast, sun-soaked metropolis full of self-help gurus, starlets and once-important, formerly-known-as celebrities. The city was once the envy of the Western world, but is now struggling to stay afloat in an era of economic uncertainty and reality TV. Amidst the chaos, three unique criminals plot their own chances of surviva...",Rockstar North,"Nov 18, 2014",Open-World Action,97,8.5,"PlayStation 3, Xbox 360, PlayStation 4, Xbox One, PC, PlayStation 5, Xbox Series X"
11,Metroid Prime,"Samus returns in a new mission to unravel the mystery behind the ruined walls scattered across Tallon IV. In Metroid Prime, you'll play the role of this bounty hunter and view the world through her visor, which displays information ranging from current energy levels to ammunition. Equipped with a Power Beam and Gravity Suit, you must sho...",Retro Studios,"Nov 17, 2002",FPS,97,9.1,"GameCube, Wii"
12,Grand Theft Auto III,"Players are put at the heart of their very own gangster movie, and let loose in a fully-realised 3 dimensional city with a cast of hundreds, 50 plus vehicles, ranging from sports cars to ice cream trucks and from boats to buses, 3 hours of music, including opera, reggae, house, drum and bass, pop and disco, and a huge array of street rea...",DMA Design,"Oct 22, 2001",Open-World Action,97,8.0,"PlayStation 2, PC, iOS (iPhone/iPad), Xbox, PlayStation 4, Game Boy Advance"
13,Super Mario Odyssey,"New Evolution of Mario Sandbox-Style Gameplay. Mario embarks on a new journey through unknown worlds, running and jumping through huge 3D worlds in the first sandbox-style Mario game since Super Mario 64 and Super Mario Sunshine. Set sail between expansive worlds aboard an airship, and perform all-new actions, such as throwing Mario's ca...",Nintendo,"Oct 27, 2017",3D Platformer,97,8.9,Nintendo Switch
14,Halo: Combat Evolved,"In a desperate attempt to keep a conquering alien race called the Covenant from finding Earth, you--a cybernteically enhanced soldier representing the peak of human military evolution--and a ragtag group of Marines flee to a distant uncharted system where you unexpectedly stumble across Halo, an enormous alien artifact in orbit between a...",Bungie,"Nov 15, 2001",FPS,97,8.6,"PC, Xbox"
15,NFL 2K1,"In the end, NFL 2K1 is a deeper, more refined version of the original game.",Visual Concepts,"Sep 7, 2000",Football Sim,97,10,Dreamcast
16,Half-Life 2,"[Metacritic's 2004 PC Game of the Year]  By taking the suspense, challenge and visceral charge of the original, and adding startling new realism and responsiveness, Half-Life 2 opens the door to a world where the player's presence affects everything around him, from the physical environment to the behaviors -- even the emotions -- of bot...",Valve Software,"Nov 16, 2004",FPS,96,9.1,"PC, Xbox"
17,BioShock,"Going beyond ""run and gun corridors,"" ""monster-closet AIs"" and static worlds, BioShock creates a living, unique and unpredictable FPS experience. After your plane crashes into icy uncharted waters, you discover a rusted bathysphere and descend into Rapture, a city hidden beneath the sea. Constructed as an idealistic society for a hand pi...",Irrational Games,"Aug 21, 2007",FPS,96,8.8,"Xbox 360, PC, PlayStation 3, iOS (iPhone/iPad)"
18,GoldenEye 007,You are Bond. James Bond. You are assigned covert operations connected with the GoldenEye weapons satellite. M will brief you on your mission and objectives from London. Q Branch will support your efforts with a plentiful supply of weapons and gadgets. Moneypenny offers you light-hearted best wishes and you're off! Your mission begins in...,Rare Ltd.,"Aug 25, 1997",FPS,96,8.9,"Nintendo 64, Xbox 360, Xbox One, Xbox Series X"
19,Uncharted 2: Among Thieves,"Fortune hunter Nathan Drake returns in Uncharted 2: Among Thieves, a third-person action-adventure/shooter created by award-winning developer Naughty Dog. Down on his luck, Drake is lured back into the treacherous world of thieves and mercenary treasure-seekers he had sought to leave behind. When a mysterious artifact propels Drake on an...",Naughty Dog,"Oct 13, 2009",Linear Action Adventure,96,8.8,PlayStation 3
20,Resident Evil 4 (2005),"In Resident Evil 4 players are reacquainted with Leon S. Kennedy, Raccoon City Police Department's idealistic rookie cop from ""Resident Evil 2."" It has been six years since the destruction of Raccoon City and in that time, the U.S. government has been able to destroy the nefarious Umbrella Corporation. Fast forward to 2004 and players re...",Capcom,"Jan 11, 2005",Survival,96,9.1,"GameCube, PlayStation 2, PC, Wii"
21,Baldur's Gate 3,"An ancient evil has returned to Baldur's Gate, intent on devouring it from the inside out. The fate of Faerun lies in your hands. Alone, you may resist. But together, you can overcome. Gather your party and return to the Forgotten Realms in a tale of fellowship and betrayal, sacrifice and survival, and the lure of absolute power. Mysteri...",Larian Studios Games,"Aug 3, 2023",Western RPG,96,9.2,"PC, PlayStation 5, Xbox Series X"
22,The Orange Box,"Games included in The Orange Box compilation: The original Half-Life 2 - The player again picks up the crowbar of research scientist Gordon Freeman, who finds himself on an alien-infested Earth being picked to the bone, its resources depleted, its populace dwindling. Freeman is thrust into the unenviable role of rescuing the world from t...",Valve Software,"Oct 10, 2007",Compilation,96,8.8,"PC, Xbox 360, PlayStation 3"
23,Tekken 3,"An ancient evil force has reawakened, attacking in secret and feeding on the souls of mighty warriors. To lure it out of hiding will take the greatest fighting contest the world has ever seen...Tekken 3. Some are fighting for revenge, some for honor, Ultimately, all are fighting for their lives and the fate of all mankind.",Namco,"Apr 29, 1998",3D Fighting,96,8.9,"PlayStation, Dreamcast"
24,Mass Effect 2,"The Mass Effect trilogy is a science fiction adventure set in a vast universe filled with dangerous alien life forms and mysterious uncharted planets. In this dark second chapter, Saren’s evil army of Geth soldiers has just been defeated, and humans, who are still struggling to make their mark on the galactic stage, are now faced with an...",BioWare,"Jan 26, 2010",Western RPG,96,8.9,"PC, Xbox 360, PlayStation 3"
25,The House in Fata Morgana - Dreams of the Revenants Edition -,"A gothic suspense tale set in a cursed mansion. ‘The House in Fata Morgana’ is a full-length visual novel spanning nearly a millennium that deals in tragedy, human nature, and insanity. This version includes three games and more:
    1: The House in Fata Morgana: the main storyline.
    2: A Requiem for Innocence: a prequel shedding li...",HuneX,"Apr 9, 2021",Visual Novel,96,10,Nintendo Switch
26,Elden Ring,"A New World Created By Hidetaka Miyazaki And George R. R. Martin

ELDEN RING, developed by FromSoftware, Inc. and BANDAI NAMCO Entertainment Inc., is a fantasy action-RPG adventure set within a world created by Hidetaka Miyazaki creator of the influential DARK SOULS video game series; and George R.R. Martin author of The New York Times b...",From Software,"Feb 25, 2022",Action RPG,96,8.2,"PC, Xbox One, PlayStation 4, Xbox Series X, PlayStation 5"
27,The Elder Scrolls V: Skyrim,"The next chapter in the Elder Scrolls saga arrives from the Bethesda Game Studios. Skyrim reimagines the open-world fantasy epic, bringing to life a complete virtual world open for you to explore any way you choose. Play any type of character you can imagine, and do whatever you want; the legendary freedom of choice, storytelling, and ad...",Bethesda Game Studios,"Nov 11, 2011",Western RPG,96,8.6,"Xbox 360, PC, PlayStation 3"
28,Half-Life,"Half-Life combines great storytelling in the tradition of Stephen King with intense action and advanced technology to create a frighteningly realistic world where players need to think smart to survive. Half-Life has won more than 50 Game of the Year awards from publications around the world, and was named 'Best PC Game Ever' in PC Gamer...",Valve Software,"Nov 19, 1998",FPS,96,9.0,"Dreamcast, PC, PlayStation 2"
29,The Legend of Zelda: Tears of the Kingdom,"An epic adventure across the land and skies of Hyrule awaits in The Legend of Zelda™: Tears of the Kingdom for Nintendo Switch™. The adventure is yours to create in a world fueled by your imagination. In this sequel to The Legend of Zelda: Breath of the Wild, you’ll decide your own path through the sprawling landscapes of Hyrule and the...",Nintendo,"May 12, 2023",Open-World Action,96,8.8,Nintendo Switch
30,The Legend of Zelda: The Wind Waker,"AN EVIL WIND IS RISING...

Legend has it that whenever evil has appeared, a hero named Link has arisen to defeat it. The legend continues on the surface of a vast and mysterious sea as Link sets sail in his most epic, awe-inspiring adventure yet. Aided by a magical conductor's baton called the Wind Waker, he will face unimaginable monste...",Nintendo,"Mar 24, 2003",Open-World Action,96,9.0,GameCube
31,Gran Turismo,"With authentic cars, courses, and car physics, Gran Turismo 4 adds an even more realistic racing simulation to the series. The characteristics of each car take into account weight, speed, friction, and more to deliver realistic handling. Test-drive new vehicles in courses located in various sites, such as Nurburgring Nordschleife, New Yo...",Polyphony Digital,"May 12, 1998",Auto Racing Sim,96,8.5,PlayStation
32,Metal Gear Solid 2: Sons of Liberty,"Since the incident on Shadow Moses Island, Metal Gear's top-secret technology has been leaked into the black market through the machinations of Revolver Ocelot. As a result, countless variations of Metal Gears have sprung up in every corner of the globe, making the weapon an increasingly common component of the armed forces of nuclear po...",KCEJ,"Nov 12, 2001",Action Adventure,96,8.9,PlayStation 2
33,Grand Theft Auto Double Pack,"From the dark and seedy streets of Liberty City's underworld to the glamorous hedonism of Vice City of the 1980s, the Grand Theft Auto double-pack takes you through the huge worlds of Grand Theft Auto III and it's sequel Vice City. The highly controversial Grand Theft Auto III gives you the freedom to go anywhere and jack anyone, putting...",Rockstar Vienna,"Nov 4, 2003",Compilation,96,7.8,"Xbox, PlayStation 2"
34,Portal: Companion Collection,"Including Portal and Portal 2, the Companion Collection comes to Nintendo Switch with all the groundbreaking gameplay, dark humor, and exploration that earned the series hundreds of awards.

In Portal, you'll use a highly experimental portal device to solve physical puzzles and challenges. Maneuver objects--and yourself--through space...",Valve Software,"Jun 28, 2022",Compilation,95,8.6,Nintendo Switch
35,Baldur's Gate II: Shadows of Amn,"An epic continuation of the story that began in ""Baldur's Gate,"" this RPG is set along the southern portion of the Sword Coast, a detailed and rich area of the Forgotten Realms called Amn. It features 300 spells and 130-plus monster types compared to only 130 spells and 60 monster types in Baldur's Gate. [Interplay]",BioWare,"Sep 24, 2000",Western RPG,95,9.1,PC
36,Grand Theft Auto: San Andreas,"[Metacritic's 2004 PS2 Game of the Year]  Five years ago Carl Johnson escaped from the pressures of life in Los Santos, San Andreas... a city tearing itself apart with gang trouble, drugs and corruption. Where filmstars and millionaires do their best to avoid the dealers and gangbangers. Now, it's the early 90s. Carl's got to go home. Hi...",Rockstar North,"Oct 26, 2004",Open-World Action,95,9.2,"PlayStation 2, PC, Xbox, iOS (iPhone/iPad), Xbox 360, PlayStation 3, PlayStation 4"
37,Grand Theft Auto: Vice City,"[Metacritic's 2002 PS2 Game of the Year ] Welcome to Vice City. Welcome to the 1980s. Having just made it back onto the streets of Liberty City after a long stretch in maximum security, Tommy Vercetti is sent to Vice City by his old boss, Sonny Forelli. They were understandably nervous about his re-appearance in Liberty City, so a trip d...",Rockstar North,"Oct 29, 2002",Open-World Action,95,8.7,"PlayStation 2, PC, Xbox, PlayStation 4"
38,LittleBigPlanet,"In LittleBigPlanet Players meet on a blue and green planet scattered with individual plots – and use their character's amazing abilities to play, create and share what they build with other gamers throughout the world via the Playstation Network. The LittleBigPlanet experience starts with players learning about their character’s powers t...",Media Molecule,"Oct 27, 2008",2D Platformer,95,8.2,"PlayStation 3, PSP"
39,The Legend of Zelda Collector's Edition,"The greatest legend in gaming! The ultimate Zelda collection!

- The Legend of Zelda: Play the game that launched the legend! With an innovative and unique game-play system, remarkably deep puzzle solving, and an epic score, the appeal of this groundbreaking classic is still going strong.

- Zelda II - The Adventure of Link: While ad...",Nintendo,"Nov 17, 2003",Compilation,95,8.8,GameCube
40,Gran Turismo 3: A-Spec,"With the addition of two new courses (a downtown Tokyo circuit and the Monte Carlo Grand Prix course), an impressive range of cars (from Vipers to Cooper Minis), and a soundtrack featuring everything from Lenny Kravitz to Jimi Hendrix, this highly anticipated title is finally ready to be driven.",Polyphony Digital,"Jul 9, 2001",Auto Racing Sim,95,8.4,PlayStation 2
41,Halo 2,"The saga continues with Halo 2 the international award-winning sequel to the highly successful and critically acclaimed Halo: Combat Evolved. In this sequel, the battle comes to Earth, and Master Chief, a genetically enhanced super soldier, is the only thing standing between the relentless alien Covenant and the destruction of all humank...",Bungie,"Nov 9, 2004",FPS,95,8.7,"PC, Xbox"
42,The Legend of Zelda: Majora's Mask,"Thrown into a parallel world by the mischievous actions of a possessed Skull Kid, Link finds a land in grave danger. The dark power of a relic called Majora's Mask has wreaked havoc on the citizens of Termina, but their most urgent problem is a suicidal moon crashing toward the world. Link has only 72 hours to find a way to stop its desc...",Nintendo,"Oct 25, 2000",Open-World Action,95,9.1,Nintendo 64
43,The Legend of Zelda: A Link to the Past / Four Swords,,Nintendo,"Dec 3, 2002",Open-World Action,95,8.9,Game Boy Advance
44,The Last of Us,"Twenty years after a pandemic radically transformed known civilization, infected humans run amuck and survivors kill one another for sustenance and weapons - literally whatever they can get their hands on. Joel, a salty survivor, is hired to smuggle a fourteen-year-old girl, Ellie, out of a rough military quarantine, but what begins as a...",Naughty Dog,"Jun 14, 2013",Linear Action Adventure,95,9.2,PlayStation 3
45,The Legend of Zelda: Twilight Princess,"When an evil darkness enshrouds the land of Hyrule, a young farm boy named Link must awaken the hero - and the animal - within. When Link travels to the Twilight Realm, he transforms into a wolf and must scour the land with the help of a mysterious girl named Midna. Using the power and unique control of the Wii console, The Legend of Zel...",Nintendo,"Nov 19, 2006",Open-World Action,95,8.8,"Wii, GameCube"
46,Madden NFL 2003,"Take Your Game Online: Access an online community where you can meet, chat, and play head-to-head against other gamers. Audio Dream Team: Dynamic play-by-play and analysis by Madden and Michaels. All-New Mini-camp: Hop on John Madden's Cruiser Tour Bus and travel to all NFL cities to complete skilled tasks. Create-A-Playbook: Customize r...",EA Sports,"Aug 12, 2002",Football Sim,95,10,"PlayStation, PlayStation 2, Xbox, GameCube, Game Boy Advance, PC"
47,Persona 5 Royal,"Prepare for an all-new RPG experience in Persona 5 Royal based in the universe of the award-winning series, Persona! Don the mask of Joker and join the Phantom Thieves of Hearts. Break free from the chains of modern society and stage grand heists to infiltrate the minds of the corrupt and make them change their ways! Persona 5 Royal is p...",Atlus,"Mar 31, 2020",JRPG,95,8.7,"PlayStation 4, Xbox Series X, PC, Xbox One, PlayStation 5, Nintendo Switch"
48,The Last of Us Remastered,"The Last of Us has been rebuilt for the PlayStation4 system. Now featuring full 1080p, higher resolution character models, improved shadows and lighting, in addition to several other gameplay improvements. 20 years after a pandemic has radically changed known civilization, infected humans run wild and survivors are killing each other for...",Naughty Dog,"Jul 29, 2014",Linear Action Adventure,95,9.2,PlayStation 4
49,Red Dead Redemption,"Developed by Rockstar San Diego, as a follow up to the 2004 hit game Red Dead Revolver, Red Dead Redemption is a Western epic, set at the turn of the 20th century when the lawless and chaotic badlands began to give way to the expanding reach of government and the spread of the Industrial Age.  The story of former outlaw, John Marston, Re...",Rockstar San Diego,"May 18, 2010",Open-World Action,95,8.9,"Xbox 360, PlayStation 3"
50,Portal 2,"Valve is working on a full-length sequel to its award-winning, mind-bending puzzle action game for the Xbox 360 and PC.",Valve Software,"Apr 19, 2011",FPS,95,8.8,"PC, Xbox 360, PlayStation 3"
51,Final Fantasy IX,"The last Final Fantasy for the PlayStation, Final Fantasy IX returns to the pure fantasy roots that spawned the series.  This latest installment features highly detailed characters, vehicles, and environments, and breathtaking cinema-graphics.  The addition of brand new features such as the story-enhancing Active Time Event system and th...",SquareSoft,"Nov 13, 2000",JRPG,94,8.9,"PlayStation, iOS (iPhone/iPad), PC, PlayStation 4, Nintendo Switch, Xbox One"
52,God of War,"His vengeance against the gods of Olympus far behind him, Kratos now lives as a man in the lands of Norse Gods and monsters. It is in this harsh, unforgiving world that he must fight to survive… and teach his son to do the same. As mentor and protector to a son determined to earn his respect, Kratos is faced with an unexpected opportunit...",SCE Santa Monica,"Apr 20, 2018",Linear Action Adventure,94,9.1,"PlayStation 4, PC"
53,Tony Hawk's Pro Skater 4,"Build your skills, earn respect, and show that you've got what it takes to Go Pro.  190 progressively harder goals. No time clock, no constraints. Pro-specific challenges. Evolving levels. Interact with other skaters. Multi-player modes. Customize your game...Your career is what you make of it. [Activision]",Neversoft Entertainment,"Oct 23, 2002",Skating,94,8.3,"PlayStation 2, GameCube, Xbox, PlayStation, Game Boy Advance, PC"
54,Elden Ring: Shadow of the Erdtree,"Rise, Tarnished, and let us walk a new path together.

An upcoming expansion for ELDEN RING, Shadow of the Erdtree, is currently in development.

We hope you look forward to new adventures in the Lands Between.",From Software,"Jun 21, 2024",Action RPG,94,8.1,"PC, Xbox Series X, PlayStation 5, PlayStation 4, Xbox One"
55,Astro Bot,"When the PS5 mothership is attacked by ASTRO’s long-standing galactic nemesis, scrambling its wires and scattering the crew throughout space, only ASTRO can make things right. Setting off on his biggest mission yet, he needs your help to rescue the stranded crew and rebuild the mothership. Make the most of ASTRO’s new power-ups, handcraf...",Team Asobi,"Sep 6, 2024",3D Platformer,94,9.2,PlayStation 5
56,Devil May Cry,"In a large American metropolis, a man named Dante, a private investigator of the supernatural, is seeking revenge for the death of his mother and brother. The world is waiting, for Dante is no ordinary man, and with his father's sword in hand, he must enter the demon realm and avenge mankind.  [Capcom]",Capcom,"Oct 16, 2001",Linear Action Adventure,94,8.3,"PlayStation 2, Nintendo Switch"
57,Madden NFL 2002,"The industry football standard returns featuring the Houston Texans, new player face and body technology, the ability to create your own team with custom helmets, uniforms, and stadiums, and a new training mode that let's you learn from Madden, the master himself.",EA Sports,"Aug 19, 2001",Football Sim,94,10,"PlayStation 2, PC, Xbox, Nintendo 64, PlayStation, GameCube, Game Boy Advance"
58,Batman: Arkham City,"Developed by Rocksteady Studios, Batman: Arkham City builds upon the intense, atmospheric foundation of Batman: Arkham Asylum, sending players soaring into Arkham City, the new maximum security ""home"" for all of Gotham City's thugs, gangsters and insane criminal masterminds. Set inside the heavily fortified walls of a sprawling district...",Rocksteady Studios,"Oct 18, 2011",Open-World Action,94,8.8,"PC, Xbox 360, PlayStation 3, Nintendo Switch"
59,Metroid Prime Remastered,"Intergalactic bounty hunter Samus Aran receives a distress signal from a wrecked frigate in orbit around planet Tallon IV. Upon investigation, the frigate reveals itself to be a Space Pirate research vessel home to terrifying genetic experiments using the mysterious Phazon substance. There, Samus encounters her nemesis, Meta Ridley, whom...",Retro Studios,"Feb 8, 2023",FPS,94,8.8,Nintendo Switch
60,The Legend of Zelda: Ocarina of Time 3D,"The Legend of Zelda: Ocarina of Time 3D takes the best-reviewed game of all time for a brand-new experience. Now in 3D all of the graphic textures and colors have been vastly improved, taking advantage of the considerable graphic power of the Nintendo 3DS system. This game tells the epic story of Hyrule and Link™, Zelda™, and Ganondorf i...",GREZZO,"Jun 19, 2011",Open-World Action,94,9.0,3DS
61,Chrono Cross,"Featuring a storyline developed by the creator of Chrono Trigger and Xenogears, Chrono Cross has been christened the &quot;Best RPG Creation&quot; by its development team. With multiple scenarios cast along a single story thread, and many different endings, each replay can result in an entirely new adventure. In addition, a brand new bat...",SquareSoft,"Aug 15, 2000",JRPG,94,8.7,PlayStation
62,Madden NFL 2004,"[Metacritic's 2003 Playstation 2 Game of the Year] Key Features for 2004 include New Playmaker Control - Make pre-snap adjustments to your receiver routes, direct receiver routes during a scramble, direct blocking down field during a run, or read and react to the offense to deliver a crushing tackle; New Owner Mode - Hire your own staff,...",EA Tiburon,"Aug 12, 2003",Football Sim,94,10,"PlayStation, GameCube, PlayStation 2, Game Boy Advance, Xbox, PC"
63,Gears of War,"Gears of War blends tactical action with survival horror and thrusts gamers into a deep and harrowing story of humankind's epic battle for survival against the Locust Horde, a nightmarish race of creatures that surface from the bowels of the planet. Lead war hero Marcus Fenix and his fire team as they face the onslaught of merciless warr...",Epic Games,"Nov 7, 2006",Third Person Shooter,94,8.2,"Xbox 360, PC"
64,The Elder Scrolls IV: Oblivion,"Oblivion is a single-player game that takes place in Tamriel's capital province, Cyrodiil. You are given the task of finding the hidden heir to a throne that sits empty, the previous emperor having been killed by an unknown assassin. With no true Emperor, the gates to Oblivion (the equivalent of hell in the world of Tamriel) open, and de...",Bethesda Game Studios,"Mar 20, 2006",Western RPG,94,8.5,"Xbox 360, PC, PlayStation 3, PSP"
65,Sid Meier's Civilization II,"An empire-building turn-based strategy game. The game starts at the Old Stone Age in 4000 BC. Your tribe begins with a Settlers unit and has no knowledge about the surrounding area. As you found new cities and explore the surroundings, you may find hostile barbarians, villages, and other competing cultures. [Civ Fantatics' Center]",MPS Labs,"Feb 29, 1996",4X Strategy,94,8.6,"PlayStation, PC"
66,Quake,"Rage through 32 single player levels and 6 deathmatch levels of sheer terror and fully immersive sound and lighting. Arm yourself against the cannibalistic Ogre, fiendish Vore and indestructible Schambler using letal nails, fierce Thunderbolts and abominable Rocket and Grenade Launchers. [id Software]",id Software,"Jun 22, 1996",FPS,94,8.7,"PC, Nintendo 64"
67,Call of Duty 4: Modern Warfare,"As Call of Duty 4: Modern Warfare's single player campaign unfolds, the player is introduced to new gameplay at every turn – one moment you are fast-roping from your Black Hawk helicopter after storming into the war zone with an armada of choppers, the next you are a sniper, under concealment, in a Ghillie suit miles behind enemy lines,...",Infinity Ward,"Nov 5, 2007",FPS,94,8.5,"Xbox 360, PlayStation 3, DS, PC, Wii"
68,BioShock Infinite,"Once conceived as a floating symbol of American ideals at a time when the United States was emerging as a world power, Columbia has been dispatched to distant shores with great fanfare by a captivated public.  What begins as a brand new endeavor of hope turns drastically wrong as the city soon disappears into the clouds to whereabouts un...",Irrational Games,"Mar 25, 2013",FPS,94,8.6,"Xbox 360, PlayStation 3, PC"
69,Halo 3,"Halo 3 is the third game in the Halo Trilogy and provides the thrilling conclusion to the events begun in ""Halo: Combat Evolved."" Halo 3 picks up where ""Halo 2"" left off. The Master Chief is returning to Earth to finish the fight. The Covenant occupation of Earth has uncovered a massive and ancient object beneath the African sands - an o...",Bungie,"Sep 25, 2007",FPS,94,8.7,"Xbox 360, PC"
70,Ninja Gaiden Black,"In Ninja Gaiden Black you can reprise the role of Ryu Hayabusa, ninja extraordinaire. This sequel to Ninja Gaiden supplies a new story and new missions, plus two more difficulty settings and cinematic cut scenes that provide background about the protagonist. Ninja Gaiden Black also incorporates the additional content from Hurricane Packs...",Team Ninja,"Sep 20, 2005",Action Adventure,94,8.7,Xbox
71,Grim Fandango,"Something's rotten in the Land of Dead and you're being played for a sucker.  Meet Manny Calavera, travel agent at the Department of Death. He sells luxury packages to souls on their four-year journey to eternal rest. But there's trouble in paradise.  Help Manny untangle himself from a conspiracy that threatens his very salvation. [Lucas...",LucasArts,"Oct 14, 1998",Third-Person Adventure,94,8.7,PC
72,Metal Gear Solid,"You are Snake, a government agent on a mission to regain control of a secret nuclear weapons base from terrorist hands. Lightly armed and facing an army of foes, Snake must avoid firefights in order to survive. If Snake can locate them he can utilize advanced hardware, ranging from silenced pistols to ground-to-air missiles. Enemies reac...",KCEJ,"Oct 21, 1998",Action Adventure,94,8.8,"PlayStation, Nintendo Switch, PlayStation 4, PlayStation 5, Xbox Series X, Dreamcast"
73,Super Mario Advance 4: Super Mario Bros. 3,"A combination of exciting platforming action, wild power-ups, and charming Mario style has made Super Mario Bros. 3 a classic.  With Super Mario Advance 4: Super Mario Bros. 3, you have your chance to partake in the special adventure anywhere you go on your Game Boy Advance.  Your mission is to rescue the Mushroom Kingdom monarchs who ha...",Nintendo,"Oct 21, 2003",2D Platformer,94,8.8,Game Boy Advance
74,Metaphor: ReFantazio,"From the creative minds behind Persona 3, 4, and 5 comes Metaphor: ReFantazio, a unique fantasy world, where your protagonist will journey alongside his fairy companion, Gallica, to lift the curse from the kingdom’s lost prince. Control your destiny, face your fears and awaken magical ""Archetype"" powers that lie dormant in your heart. By...",Studio Zero,"Oct 11, 2024",JRPG,94,8.7,"Xbox Series X, PC, PlayStation 5, PlayStation 4"
75,Tom Clancy's Splinter Cell: Chaos Theory,"The year is 2008. Information Warfare has evolved into the most dangerous threat to global stability. You are Sam Fisher, Third Echelon's most skilled Splinter Cell operative. You are assigned to execute a hazardous series of operations to investigate and eliminate a new source of information attacks, originating in North Korea. To succe...",Ubisoft Montreal,"Mar 28, 2005",Action Adventure,94,8.6,"3DS, PC, Xbox, GameCube, PlayStation 2, DS, Xbox 360, PlayStation 3"
76,God of War: Ragnarok,"The freezing winds of Fimbulwinter have come to Midgard, making survival for Kratos, Atreus, and Mimir in the Norse wilds even more challenging than before.  Kratos, still bearing the knowledge of his past mistakes, wants to spare Atreus the bloody lessons he learned from his conflict with gods. He wants to keep his son safe, above all,...",SCE Santa Monica,"Nov 9, 2022",Action Adventure,94,8.2,"PlayStation 5, PlayStation 4, PC"
77,Resident Evil Code: Veronica,"Resident Evil Code: Veronica takes up the story of Claire Redfield, a character from Resident Evil 2. In that game she was searching for her brother Chris (a missing S.T.A.R.S. member) and in Resident Evil Code: Veronica we follow her to Europe where she continues her search at Umbrella headquarters.",NexTech,"Feb 29, 2000",Survival,94,8.4,Dreamcast
78,Burnout 3: Takedown,"Burnout 3 takes the hit series even further, now featuring a unique ""crash and burn"" racing concept and a one-of-a-kind special effects engine that delivers spectacular visuals. The intensity heats up as players race, and often crash, their way through oncoming traffic in an attempt to claim the top spot. Boasting multiple single-player,...",Criterion Games,"Sep 7, 2004",Auto Racing,94,8.8,"PlayStation 2, Xbox"
79,Diablo,"The kingdom of Khandaras has fallen into chaos. An unknown force of evil has swept across the land. Plunging it nto civil war and terrorizing the populace. A mad king, his missing son, and a mysterious archbishop are all pieces to the puzzle that faces you. You have journeyed to the source of the evil. The town of Tristram. Now inhabited...",Blizzard Entertainment,"Dec 31, 1996",Action RPG,94,8.6,"PlayStation, PC"
80,Metal Gear Solid 3: Subsistence,"Metal Gear goes online for the first time in Metal Gear Solid 3 Subsistence! Players can battle or team up with up to 7 other friends for online dominance. Featuring different gameplay modes, new camera system, and robust online play, Subsistence is the game that gives players a brand new Metal Gear experience. Includes MGS3 Snake Eater...",Kojima Productions,"Mar 14, 2006",Action Adventure,94,8.5,PlayStation 2
81,Call of Duty: Modern Warfare 2,Modern Warfare 2 continues the gripping and heart-racing action as players face off against a new threat dedicated to bringing the world to the brink of collapse. An entirely new gameplay mode which supports 2-player co-operative play online that is unique from the single player story campaign. Special Ops pits players into a gauntlet of...,Infinity Ward,"Nov 10, 2009",FPS,94,7.8,"PC, PlayStation 3, Xbox 360"
82,Metal Gear Solid 4: Guns of the Patriots,"Metal Gear Solid 4: Guns of the Patriots features an aging and exhausted Solid Snake in the middle of a futuristic battlefield. In spite of his failing body, Snake is equipped with a crucial new device tentatively known as ""OctoCamo,"" a high-tech suit that dynamically transforms its texture based on Snake's surroundings. This revolutiona...",Kojima Productions,"Jun 12, 2008",Action Adventure,94,8.7,PlayStation 3
83,God of War (2005),"Unleash the power of the Gods and embark on a merciless quest as Kratos, an ex-Spartan warrior driven to destroy Ares, the God of War. Armed with lethal double chainblades, Kratos must carve through mythology's darkest creatures including Medusa, Cyclops, the Hydra and more, while solving intricate puzzles in breathtaking environments. D...",SCE Santa Monica,"Mar 22, 2005",Linear Action Adventure,94,8.8,"PlayStation 2, PlayStation 3"
84,Star Wars: Knights of the Old Republic,"Engage in this saga set in the Golden Age of the Republic - over 4,000 years before the first Star Wars film, when both Jedi and Sith number in the thousands. With the Galaxy reeling from a recent conflict with the Dark Lords, the ongoing battle between the Jedi and the Sith rages on. Your actions determine the outcome of this colossal g...",BioWare,"Jul 17, 2003",Western RPG,94,9.0,"PC, Xbox, iOS (iPhone/iPad), Nintendo Switch"
85,Sid Meier's Civilization IV,"Faster-Paced Fun - Gameplay has been streamlined for a tighter, faster, and more compelling experience.Greater Accessibility and Ease of Play - An easy-to-use interface will be immediately familiar to RTS and action game players, and newcomers to the series will be able to jump in and play. Tech Tree - Flexible Tech tree allows players m...",Firaxis Games,"Oct 25, 2005",4X Strategy,94,8.4,PC
86,Virtua Fighter 4,"Two new characters (Lei Fei and Vanessa Lewis) join 11 VF veterans, each with their own unique styles based on real martial arts. New counters and defensive moves allow players to switch up their stances and fighting styles mid-bout. Train a computer-controlled character through sparring and an easy-to-use rewards system, then pit your c...",Sega AM2,"Mar 17, 2002",3D Fighting,94,7.9,PlayStation 2
87,Caves of Qud,"Caves of Qud is a science fantasy roguelike epic steeped in retrofuturism, deep simulation, and swathes of sentient plants. Come inhabit an exotic world and chisel through layers of thousand-year-old civilizations.",Freehold Games,"Dec 5, 2024",Roguelike,93,8.5,PC
88,Super Smash Bros. Brawl,"[Metacritic's 2008 Wii Game of the Year]  Super Smash Bros. Brawl is the next installment in the Smash Bros. series for the company's Wii console. Among the new characters playable in the game are Meta Knight, the sword-wielding nemesis of Kirby; Pit, the angelic archer from Kid Icarus; Zero Suit Samus, the powerful Metroid series heroin...",Game Arts,"Mar 9, 2008",2D Fighting,93,8.8,Wii
89,Company of Heroes,"A real-time strategy game set in World War II, Company of Heroes brings to life, in full cinematic detail, the greatest war mankind has ever known. Company of Heroes is built on Relic's next-generation Essence Engine and also utilizes the Havok Physics engine, delivering cinematic visual detail in a world completely driven by realistic p...",Relic Entertainment,"Sep 13, 2006",Real-Time Strategy,93,8.5,"PC, iOS (iPhone/iPad)"
90,Gran Turismo 2,"The world's most advanced racing game returns with thunderous new features.

Over 500 racing machines from world-class manufacturers.

- All vehicles are designed according to their exact specifications and are fully customizable.
- Insane Arcade mode with power slides, burnouts, jumps and excessive speeds
- Killer soundtrack from...",Polyphony Digital,"Dec 23, 1999",Auto Racing Sim,93,8.8,"PlayStation, Dreamcast"
91,The Last of Us Part II,"Five years after their dangerous journey across the post-pandemic United States, Ellie and Joel have settled down in Jackson, Wyoming. Living amongst a thriving community of survivors has allowed them peace and stability, despite the constant threat of the infected and other, more desperate survivors. When a violent event disrupts that p...",Naughty Dog,"Jun 19, 2020",Survival,93,10,PlayStation 4
92,Tom Clancy's Splinter Cell: Pandora Tomorrow,"Once again assume the role Sam Fisher as you defend and assist the U.S. troops who become emroiled in a conflict between East Timor and Indonesian guerillas. Immerse yourself into a deep, tangible, tension-packed techno-thriller without compare. Master your new arsenal of moves and gadgets to save the innocent from a global threat. Conce...",Ubisoft Shanghai,"Mar 23, 2004",Action Adventure,93,8.3,"Xbox, PlayStation 2, PlayStation 3, PC, GameCube, Game Boy Advance, Xbox 360"
93,Grand Theft Auto: Chinatown Wars,"Grand Theft Auto: Chinatown Wars is an entirely original entry into the critically acclaimed Grand Theft Auto series, and brings a new level of interactivity to its sprawling open environments. With the use of the DS touch screen, players navigate their way through the streets as they uncover the truth behind an epic tale of crime and co...",Rockstar Leeds,"Mar 17, 2009",Open-World Action,93,7.6,"DS, PSP, iOS (iPhone/iPad)"
94,Pac-Man Championship Edition DX,"PAC-MAN Championship Edition DX continues to uphold NAMCO BANDAI's tradition of enhancing a classic franchise for today's gamer. Building upon PAC-MAN Championship Edition’s original six courses, the new game features more than 100 varied and mind-boggling mazes to navigate. Several new modes will also be available to test a player's pel...",Namco Bandai Games,"Nov 17, 2010",Arcade,93,7.6,"Xbox 360, PlayStation 3, iOS (iPhone/iPad)"
95,Dwarf Fortress,"The deepest, most intricate simulation of a world that's ever been created. The legendary Dwarf Fortress is now on Steam. Build a fortress and try to help your dwarves survive against a deeply generated world.",Bay 12 Games,"Aug 8, 2006",Management,93,8.5,PC
96,Half-Life: Alyx,"Half-Life: Alyx is Valve's VR return to the Half-Life series. It's the story of an impossible fight against a vicious alien race known as the Combine, set between the events of Half-Life and Half-Life 2. Playing as Alyx Vance, you are humanity's only chance for survival. The Combine's control of the planet since the Black Mesa incident h...",Valve Software,"Mar 23, 2020",FPS,93,9.1,PC
97,Divinity: Original Sin II,"Master deep, tactical combat. Join up to 3 other players - but know that only one of you will have the chance to become a God.",Larian Studios Games,"Sep 14, 2017",Western RPG,93,8.8,PC
98,Unreal Tournament 2004,"Reload, rev up and ride out. The new Tournament is faster, higher and meaner. Land and air based vehicles take combat to a new level; while an arsenal of new weaponry, daunting arenas and battlefields and the challenge of the Assault and Onslaught modes make the gladiator blood sport of the future a brand new experience. Buckle up; it?s...",Epic Games,"Mar 16, 2004",FPS,93,8.7,PC
99,Braid,"[Xbox Live Arcade]  Braid is a puzzle-platformer, drawn in a painterly style, where the player manipulates the flow of time in strange and unusual ways. From a house in the city, journey to a series of worlds and solve puzzles to rescue an abducted princess. In each world, you have a different power to affect the way time behaves, and it...",Number None Inc.,"Aug 6, 2008",2D Platformer,93,8.2,"Xbox 360, PlayStation 3, PC"
100,God of War II,"[Metacritic's 2007 PS2 Game of the Year]  God of War saw Kratos, a mortal warrior, set upon an epic quest to dethrone a God. But his journey did not end there. In God of War II, Kratos sits atop his Olympus throne, as the new God of War – far more ruthless than Ares ever was. To end his continued torment, Kratos must journey to the far r...",SCE Santa Monica,"Mar 13, 2007",Linear Action Adventure,93,9.1,"PlayStation 2, PlayStation 3"
101,Super Mario 3D World,"Work together with  your friends or compete for the crown in the first multiplayer 3D Mario game for the Wii U console. In the Super Mario 3D World game, players can choose to play as Mario, Luigi, Princess Peach or Toad.",Nintendo,"Nov 22, 2013",3D Platformer,93,8.8,Wii U
102,Starcraft II: Wings of Liberty,"StarCraft II continues the epic saga of the Protoss, Terran, and Zerg. These three distinct and powerful races clash once again in the fast-paced real-time strategy sequel to the legendary original, StarCraft. Legions of veteran, upgraded, and brand-new unit types do battle across the galaxy, as each faction struggles for survival. Featu...",Blizzard Entertainment,"Jul 27, 2010",Command RTS,93,8.3,PC
103,SSX (2000),"Remember when snowboard sims used to suck?  The times have truly changed with the monster speed, detailed tracks and super-fast frame rates of EA's first extreme sports game for the PS2.",EA Sports Big,"Oct 30, 2000",Skiing,93,8.0,PlayStation 2
104,Street Fighter IV,"Street Fighter IV features a mix of returning favourites such as Ryu, Ken, Chun-Li and Guile along with new characters created exclusively for this game such as Crimson Viper, Abel, El Fuerte, and Rufus. Characters and environments are rendered in high definition 3D, while the game is played in the classic Street Fighter 2D perspective w...",Capcom,"Feb 17, 2009",2D Fighting,93,10,"PlayStation 3, Xbox 360, PC, iOS (iPhone/iPad)"
105,Minecraft,"The game involves players creating and destroying various types of blocks in a three dimensional environment. The player takes an avatar that can destroy or create blocks, forming fantastic structures, creations and artwork across the various multiplayer servers in multiple game modes.",Mojang AB,"Nov 18, 2011",Sandbox,93,8.2,"PC, Nintendo Switch, PlayStation 5, 3DS, PlayStation 3, PlayStation 4, PlayStation Vita, Wii U, Xbox 360, Xbox One"
106,Persona 4 Golden,Persona 4: The Golden is a remastered version of PS2 classic Shin Megami Tensei: Persona 4.,Atlus,"Nov 20, 2012",JRPG,93,9.1,"PlayStation Vita, PC, Xbox Series X, Xbox One, PlayStation 4, Nintendo Switch"
107,Persona 5,Persona 5 is the fifth entry in the Persona series.,Atlus,"Apr 4, 2017",JRPG,93,8.9,"PlayStation 3, PlayStation 4"
108,Homeworld,"Deported to a harsh desert world, exiles have struggled for three thousand years to regain the stars. Now it's up to you to guide them home through a brutal empire bent on annihilation. Homeworld boasts amazing ship graphics and gorgeous deep-space vistas, a unique command and navigation interface and white-knuckle real-time strategy. [S...",Relic Entertainment,"Aug 31, 1999",Command RTS,93,8.7,PC
109,Quake III Arena,"Quake III Arena offers a complete deathmatch experience. The game features new 3D arenas, weapons, and character models.",Raster,"Oct 22, 2000",FPS,93,8.5,"PC, Dreamcast"
110,Tom Clancy's Splinter Cell,"Infiltrate terrorists' positions, acquire critical intelligence by any means necessary, execute with extreme prejudice, and exit without a trace! You are Sam Fisher, a highly trained secret operative of the NSA's secret arm: Third Echelon. The world balance is in your hands, as cyber terrorism and international tensions are about to expl...",Ubisoft Montreal,"Nov 17, 2002",Action Adventure,93,8.5,"PC, Xbox, PlayStation 2, GameCube, Game Boy Advance, PlayStation 3"
111,SSX 3,"Embark on the ultimate adventure and conquer the mountain with SSX 3. Life begins at the summit where a wide-open mountain awaits you -- board it, explore it, and beat it. Featuring all-new freestyle events and race courses, jaw-dropping tricks, and a cast of cool, customizable characters, SSX 3 is yours to conquer. Redefine the boundari...",EA Canada,"Oct 20, 2003",Skiing,93,8.6,"Game Boy Advance, GameCube, Xbox, PlayStation 2"
112,Okami,"In Okami, the legendary monster Orochi has come back to life and turned the world into a veritable wasteland. Players must assume the role of a wolf, an embodiment of the sun god Amaterasu, which is capable of wielding unimaginable power. The state of the world lies in gamer's hands as they must fight ominous beings and reclaim the earth...",Clover Studio,"Sep 19, 2006",Action Adventure,93,9.0,"PlayStation 2, Wii"
113,Fallout 3,"[Metacritic's 2008 PC Game of the Year] Vault-Tec engineers have worked around the clock on an interactive reproduction of Wasteland life for you to enjoy from the comfort of your own vault. Included is an expansive world, unique combat, shockingly realistic visuals, tons of player choice, and an incredible cast of dynamic characters. Ev...",Bethesda Game Studios,"Oct 28, 2008",Western RPG,93,8.2,"PC, Xbox 360, PlayStation 3"
114,Gears of War 2,"Gears of War 2 builds upon the gameplay of the first title in every way. First, the scope of the action is bigger: new characters, more weapons, nastier enemies, bigger vehicles, and grander locales offer more action, more emotion, and more thrills. Next, every major aspect of the game has been refined to create heightened, more immersiv...",Epic Games,"Nov 7, 2008",Third Person Shooter,93,8.4,Xbox 360
115,Pro Evolution Soccer 2,"North America, the wait is over. Experience the most realistic virtual recreation of the sport to date. Life-like player models, staggeringly realistic animations, and renowned gameplay bring a soccer experience that can't be beat. This critically acclaimed title is the must have soccer game of the year. Find out what you've been missing...",KCET,"Mar 11, 2003",Soccer Sim,93,7.6,"PlayStation, PlayStation 2"
116,SoulCalibur II,"A new page in history has begun as the most highly-anticipated fighting game ever finally arrives! The greatest 3-D weapons-based fighter will provide non-stop action, excitement and surprises as you go one-on-one against your favorite challengers. 13 historic fighters plus all new combatants including Necrid, specially designed by Todd...",Namco,"Aug 27, 2003",3D Fighting,93,8.5,"PlayStation 2, GameCube, Xbox"
117,Mass Effect 3,"BioWare completes the Mass Effect Trilogy with Mass Effect 3. Earth is burning. Striking from beyond known space, a race of terrifying machines have begun their destruction of the human race. As Commander Shepard, an Alliance Marine, the only hope for saving mankind is to rally the civilizations of the galaxy and launch one final mission...",BioWare,"Mar 6, 2012",Action RPG,93,10,"PC, Xbox 360, PlayStation 3, Wii U"
118,Metal Gear Solid V: The Phantom Pain,"Following the prologue METAL GEAR SOLID V: GROUND ZEROES, METAL GEAR SOLID V: THE PHANTOM PAIN concludes the METAL GEAR SOLID V experience by following the story of the protagonist of the series, Big Boss (a.k.a. Snake). The METAL GEAR SOLID V experience is Creator and Director Hideo Kojima's first time incorporating open world gameplay...",Kojima Productions,"Sep 1, 2015",Open-World Action,93,8.1,"Xbox 360, PlayStation 3, Xbox One, PlayStation 4, PC"
119,The Legend of Zelda: Skyward Sword,A Link to the Future - The Legend of Zelda: Skyward Sword shakes up the tried-and-true adventure game formula and marks a turning point for the franchise. The introduction of full motion controls enabled by Wii MotionPlus technology synchronizes player movements with Link's actions while offering the most intuitive play control of any ga...,Nintendo,"Nov 20, 2011",Open-World Action,93,8.1,Wii
120,Mario Kart: Super Circuit,"Whoever hands out driver's licenses in the Mushroom Kingdom is about to be in some serious trouble.  Classic Mario Kart action is back once again, this time in a colorful, lightning-fast game that you can take anywhere.  Mario, Luigi, Peach, Toad, Wario, Yoshi, and Bowser are all tearing up the track, tossing Koopa Shells and laying bana...",Intelligent Systems,"Aug 26, 2001",Auto Racing,93,7.7,Game Boy Advance
121,Rock Band 3,Rock Band returns with another iteration of the popular music game featuring new songs and instruments.,Harmonix Music Systems,"Oct 26, 2010",Rhythm,93,8.1,"Xbox 360, PlayStation 3, Wii, DS"
122,NBA 2K1,"Visual Concepts has tweaked and buffed out the annoying gameplay traits that plagued its original hoops game, and the result is a highly polished product.",Visual Concepts,"Nov 1, 2000",Basketball Sim,93,,Dreamcast
123,Viewtiful Joe,"Welcome to the world of Viewtiful Joe! Capcom's innovative super hero action game that mixes funky cartoon-style visuals with classic side-scrolling gameplay and introduces the world?s quirkiest million dollar action hero... Joe! More than just any ordinary dude, Joe must transform into the ultimate superhero. It?s up to you to activate...",Clover Studio,"Oct 7, 2003",2D Beat-'Em-Up,93,7.7,"PlayStation 2, GameCube"
124,Hades,Defy the god of death as you hack and slash your way out of the Underworld in this rogue-like dungeon crawler from the creators of Bastion and Transistor.,Supergiant Games,"Dec 6, 2018",Roguelike,93,8.6,"PC, Nintendo Switch, Xbox Series X, Xbox One, PlayStation 5, PlayStation 4, iOS (iPhone/iPad)"
125,Resident Evil 4,"Resident Evil 4, 2005’s legendary survival horror, is brought fully up-to-date in this ground-up remake. Six years after the events of Resident Evil 2, Raccoon City survivor Leon Kennedy has been dispatched to a secluded European village to investigate the disappearance of the US president’s daughter. What he discovers there is unlike an...",Capcom,"Mar 24, 2023",Survival,93,8.8,"PlayStation 5, Xbox Series X, PC, PlayStation 4, iOS (iPhone/iPad)"
126,Virtua Fighter 4: Evolution,"Challenge a steady stream of opponents with varying ranks and skill levels, with the impression that you're playing online against human opponents with different styles. Along with this illusion of online play, Virtua Fighter 4 has also been expanded upon, including the roster, the character customization features, the visuals, the train...",Sega,"Aug 13, 2003",3D Fighting,93,8.3,PlayStation 2
127,Uncharted 4: A Thief's End,"Set 3 years after the events of Uncharted 3, Nathan Drake has apparently left the world of fortune hunting behind. However, it doesn’t take long for adventure to come calling when Drake’s brother, Sam, re-emerges asking for his help to save his own life and offering an adventure Drake cannot resist. On the hunt for Captain Henry Avery’s...",Naughty Dog,"May 10, 2016",Linear Action Adventure,93,8.8,PlayStation 4
128,Super Smash Bros. Ultimate,"Inklings from the Splatoon series, as well as returning Smash characters like Mario and Link will be making appearances in this classic Nintendo franchise's Switch debut. Faster combat, new items, new attacks, new defensive options, and more will keep the battle raging whether you’re at home or on the go.",Nintendo,"Dec 7, 2018",2D Fighting,93,8.7,Nintendo Switch
129,Paper Mario,"Mario pals around in an all-new action adventure! Mario's back in his first adventure since Super Mario 64, and this time, Bowser's bent on preventing a storybook ending. When Princess Peach is kidnapped, Mario plots to rescue the seven Star Spirits and rid the Mushroom Kingdom of Koopa's cruel cohorts. As he travels from the tropical ju...",Intelligent Systems,"Feb 5, 2001",JRPG,93,8.8,Nintendo 64
130,Wipeout XL,"The game moves incredibly well, and looks fantastic in the process.",Psygnosis,"Sep 30, 1996",Future Racing,93,8.2,"PlayStation, PC"
131,INSIDE,"Hunted and alone, a boy finds himself drawn into the center of a dark project. The second game from Limbo developer Playdead.",PLAYDEAD,"Jun 29, 2016",2D Platformer,93,8.3,"Xbox One, PC, PlayStation 4, Nintendo Switch, iOS (iPhone/iPad)"
132,World of Warcraft,"Four years have passed since the aftermath of Warcraft III: Reign of Chaos, and a great tension now smolders throughout the ravaged world of Azeroth. As the battle-worn races begin to rebuild their shattered kingdoms, new threats, both ancient and ominous, arise to plague the world once again. World of Warcraft is an online role-playing...",Blizzard Entertainment,"Nov 23, 2004",MMORPG,93,7.5,PC
133,Flipnote Studio,"[DSiWare]  Let your inner artist loose with Flipnote Studio, an easy to use and surprisingly powerful animation application. Create Flipnotes by using the stylus to write letters and draw pictures, capture sounds using the microphone, and even insert photos captured with the Nintendo DSi Camera. Save a Flipnote with multiple pages that r...",Nintendo,"Aug 12, 2009",Application,93,10,DS
134,World Soccer Winning Eleven 7 International,"Winning Eleven 7 International features 100 teams, 21 stadiums, new player models and key additions to the Master League. Winning Eleven 7 also utilizes a custom designed engine that allows for great flexibility and customization. Upon entering a match, players will find incredibly masterful gameplay, beautifully rendered stadiums and pi...",KCET,"Feb 17, 2004",Soccer Sim,93,10,"PC, PlayStation 2"
135,Forza Horizon 4,"For the first time in the racing and driving genre, experience dynamic seasons in a shared open-world. Explore beautiful scenery, collect over 450 cars, and become a Horizon Superstar in historic Britain.",Playground Games,"Sep 28, 2018",Auto Racing Sim,92,8.4,"Xbox One, PC, Xbox Series X"
136,God of War III,"Set in the realm of brutal Greek mythology, God of War III is a single-player game which allows players to take on the climatic role of the ex-Spartan warrior, Kratos, as he scales through the intimidating heights of Mt. Olympus and the dark depths of Hell to seek revenge on those who have betrayed him. Armed with double-chained blades,...",SCE Santa Monica,"Mar 16, 2010",Linear Action Adventure,92,9.0,PlayStation 3
137,SSX Tricky,"Second-generation rider physics provide more in-air and on-snow user control. Compete in the World Circuit, go head-to-head in the unique Showoff (trick) versions of nine courses on the World Circuit, or just kick it in Free Ride. New Garibaldi and Alaska courses let you get more vertical and catch more air, while all the original course...",EA Canada,"Nov 5, 2001",Skiing,92,8.6,"PlayStation 2, GameCube, Xbox, Game Boy Advance"
138,NHL 2002,"EA's Canadian developing team returns to the ice with better graphics, improved lighting, create-a-player features, ""Soul Calibur""-like digital NHL trading cards, and a dramatic new breakaway cam for those one-on-one, juke-the-goalie situations.",EA Sports,"Sep 24, 2001",Hockey Sim,92,7.7,"PC, PlayStation 2, Xbox, Game Boy Advance"
139,NFL 2K3,"Get ready for a crowd of new features and improvements, including a completely new Franchise mode, thrilling new offensive and defensive animations, and broadcast-quality commentary regarded as the best in all of sports video games. Complete with all the updated rosters, the new NFL alignment changes, and completely redesigned stadiums,...",Visual Concepts,"Aug 21, 2002",Football Sim,92,8,"GameCube, Xbox, PlayStation 2"
140,Prince of Persia: The Sands of Time,"Amidst the sands of ancient Persia, a young Prince unleashes a deadly evil. Embark on a harrowing quest to restore peace and the fabric of Time. Embody a legendary hero with gravity-defying acrobatics, ferocious fighting combos, and the ability to bend time to fulfill his bidding. Wield the power of the Sands of Time - a mythical force a...",Ubisoft,"Nov 10, 2003",Linear Action Adventure,92,8.6,"PlayStation 2, Game Boy Advance, PC, Xbox, GameCube, PlayStation 3"
141,Uncharted 3: Drake's Deception,"A search for the fabled ""Atlantis of the Sands"" propels fortune hunter Nathan Drake on a trek into the heart of the Arabian Desert. When the terrible secrets of this lost city are unearthed, Drake's quest descends into a desperate bid for survival that strains the limits of his endurance and forces him to confront his deepest fears.",Naughty Dog,"Nov 1, 2011",Linear Action Adventure,92,8.4,PlayStation 3
142,Final Fantasy VII Rebirth,"FINAL FANTASY VII REBIRTH is the  new story in the FINAL FANTASY VII remake project, a reimagining of the iconic original game into three standalone titles by its original creators. In this game, players will enjoy various new elements as the story unfolds, culminating in the party’s journey to “The Forgotten Capital” from the original F...",Square Enix,"Feb 29, 2024",Action RPG,92,8.9,"PlayStation 5, PC"
143,Rock Band,"Play together in your living room or across the world! Rock Band offers deep online functionality, allowing players to rock together whether they’re in Rhode Island or Reykjavik. Major record labels and leading music publishers have signed on to provide unrivaled access to master recordings and legendary rock artists – from punk, metal a...",Harmonix Music Systems,"Nov 20, 2007",Rhythm,92,7.8,"Xbox 360, PlayStation 3, PlayStation 2, iOS (iPhone/iPad), Wii"
144,Super Mario Bros. Wonder,"Find wonder in the next evolution of Mario fun. Classic Mario side-scrolling gameplay is turned on its head with the addition of Wonder Flowers. These game-changing items trigger spectacular moments you have to see to believe...Witness pipes coming alive, wreak havoc as a giant spiky ball, and see even more unexpected events called Wonde...",Nintendo,"Oct 20, 2023",2D Platformer,92,9.0,Nintendo Switch
145,Xenoblade Chronicles 3: Expansion Pass Wave 4 - Future Redeemed,"Set before the events of Xenoblade Chronicles 3, join a cast of new and familiar characters in this original story scenario that connects all three instalments in the Xenoblade Chronicles series. Future Redeemed also features new battle mechanics, such as Unity Combo, where two characters can attack in unison.",Monolith Soft,"Apr 25, 2023",Action RPG,92,8.8,Nintendo Switch
146,Bloodborne,"Bloodborne is an action RPG in which you hunt for answers in the ancient city of Yharnam, now cursed with a strange endemic illness spreading through the streets like a disease. Peril, death and madness infest this dark world, and you're tasked with uncovering its darkest secrets which will be necessary for you to survive. Armed with a s...",From Software,"Mar 24, 2015",Action RPG,92,8.9,PlayStation 4
147,Eternal Darkness: Sanity's Requiem,"This horror story spans generations, so you must relive the blood-soaked history while conjuring spells, solving puzzles, and slaying supernatural beasts. Whether you're creeping around as the Roman Centurion, Cambodian villager, or any of the other characters, the psychological thriller will challenge you to use your mind as well as you...",Silicon Knights,"Jun 23, 2002",Survival,92,8.7,GameCube
148,Warcraft III: Reign of Chaos,"[Metacritic's 2002 PC Game of the Year] It has been nearly fifteen years since the war between the orcs and humans ended. An uneasy peace settled over the land while, for years, the drums of war were silent. Yet the kingdoms of men grew complacent in their victory - and slowly, the defeated orcish clans regrouped under the banner of a ne...",Blizzard Entertainment,"Jul 3, 2002",Real-Time Strategy,92,9.2,PC
149,Banjo-Kazooie,"[Xbox Live Arcade]  The classic Nintendo platformer stars a big, goofy honey bear named Banjo who wears tight yellow shorts and carries around a raucous, red-crested breegull named Tooie in his backpack. The bear-and-bird duo must use constant teamwork to rescue Banjo's sister from the evil Gruntilda who wants to steal her beauty.",Rare Ltd.,"Jun 29, 1998",3D Platformer,92,9.1,"Nintendo 64, Xbox 360"
150,The Sims,"In ""SimCity,"" you had the power to build and control cities ... with The Sims, you'll create and control people!",Maxis,"Feb 4, 2000",Virtual Life,92,8.0,"PlayStation 2, GameCube, Xbox, PC"
151,Sid Meier's Gettysburg!,"Experience victory in Sid Meier's Gettysburg! It's the most engrossing and sophisticated real-time strategy game ever. In a stunning 3D battlefield, you plan the tactics, lead the troops, and take history into your own hands. Attack from the trees to protect your brigade,rally around a General for a quicker recovery, entrench your troops...",Firaxis Games,"Sep 30, 1997",Real-Time Strategy,92,,PC
152,Celeste,"Help Madeline survive her journey to the top of Celeste Mountain in this super-tight, hand-crafted platformer from the creators of TowerFall.",Maddy Makes Games,"Jan 25, 2018",2D Platformer,92,8.7,"PlayStation 4, Nintendo Switch, PC, Xbox One"
153,Forza Motorsport (2005),"Forza Motorsport lets you own, customize, and race your favorite cars. You can collect models from more than 60 manufacturers and then race to earn money for upgrades and aftermarket parts. Test-drive your vehicle on various tracks, ranging from the challenging Nurburgring Nordschleife to the streets of Rio de Janeiro. You can even train...",Microsoft Game Studios,"May 3, 2005",Auto Racing Sim,92,8.2,Xbox
154,Forza Horizon 5,"Your Ultimate Horizon Adventure awaits! Explore the vibrant and ever-evolving open world landscapes of Mexico with limitless, fun driving action in hundreds of the world’s greatest cars.",Playground Games,"Nov 5, 2021",Auto Racing Sim,92,8.2,"PC, Xbox Series X, Xbox One"
155,Vagrant Story,"AGENTS OF THE CROWN

Relive an adventurous tale rich with agents, espionage, and conspiracies. Challenge deadly monsters and villains with your steel and magic. Clear your name by uncovering a sinister plot -- or perish in the attempt.

* A dark, cinematic adventure set in a richly detailed 3D world
* Revolutionary battle & status system...",SquareSoft,"May 15, 2000",Action RPG,92,8.8,PlayStation
156,Advance Wars,"The battle lines have been drawn, and an elite group of sly strategists are massing troops at your borders. You'll have to command ground, air and naval forces if you hope to survive the coming wars, and it won't be easy. With 114 maps to battle on and both Single-Pak and Multi-Pak link modes, Advance Wars brings turn-based strategy to a...",Intelligent Systems,"Sep 9, 2001",Turn-Based Tactics,92,8.7,Game Boy Advance
157,Team Fortress 2,"Team Fortress 2 (TF2) is the sequel to the game that put class-based, multiplayer team warfare on the map. TF2 delivers new gametypes, a signature art style powered by Valve’s next generation animation technology, persistent player statistics, and more. Unlike other ""class-based"" games that offer a variety of combat classes only, Team Fo...",Valve Software,"Oct 10, 2007",Tactical FPS,92,8.6,PC
158,System Shock 2,"Like System Shock 1, there will be persistent levels (i.e., drop an item on one level, and you could go back later to retrieve it), gameplay elements like logs, inventory, skills, persistent world, leaning, hacking, rpg elements, multiple weapons and enemies, and a compelling storyline. Unlike most other first person shooters, the purpos...",Irrational Games,"Aug 11, 1999",Survival,92,9.0,"PC, Dreamcast"
159,Final Fantasy XII,"The story takes place in a world called ""Ivalice,"" in an age when magic was commonplace and airships plied the skies - the Archadian Empire, seeking to strengthen its base of power, had been invading and subjugating its neighboring lands one by one- a fate which befell the small Kingdom of Dalmasca. Archadia's invasion and the subsequent...",Square Enix,"Oct 31, 2006",JRPG,92,7.5,PlayStation 2
160,The Witcher 3: Wild Hunt,"With the Empire attacking the Kingdoms of the North and the Wild Hunt, a cavalcade of ghastly riders,  breathing down your neck, the only way to survive is to fight back. As Geralt of Rivia, a master swordsman and monster hunter, leave none of your enemies standing. Explore a gigantic open world, slay beasts and decide the fates of whole...",CD Projekt Red Studio,"May 19, 2015",Action RPG,92,9.1,"PC, Xbox One, PlayStation 4, Nintendo Switch"
161,Super Mario World: Super Mario Advance 2,"Mario hasn't even had a chance to savor his victory in the original Super Mario Advance, and already he's back for more in Super Mario World: Super Mario Advance 2.  This game is a re-creation of the Super NES classic Super Mario World, featuring every last secret exit and all 74 levels of platform-jumping action.  Once again, Princess P...",Nintendo,"Feb 9, 2002",2D Platformer,92,8.9,Game Boy Advance
162,ESPN NFL 2K5,"ESPN NFL 2K5 is uniting fans with a coupling of the most responsive and intense gameplay and the richest multi-player gaming experience possible. Maximum Tackling brings unique on-field control allowing gamers to go for the wrap-up tackle or deliver the big highlight hit. The addition of the V.I.P. System? allows gamers to play friends,...",Visual Concepts,"Jul 20, 2004",Football Sim,92,10,"Xbox, PlayStation 2"
163,Super Smash Bros. Melee,"Nintendo's all-star cast of combatants is back in Super Smash Bros. Melee, along with a new batch of brawlers ready to tear it up.  The sequel to Super Smash Bros. keeps the same basic premise: Characters duke it out in interactive environments, using special attacks and various items to knock each other into the abyss.  Some new defensi...",HAL Labs,"Dec 3, 2001",2D Fighting,92,9.0,GameCube
164,Virtua Tennis,"Play on hard court, clay court, grass court and carpet - each surface responds differently!",Hitmaker,"Jul 12, 2000",Tennis,92,8.6,"Dreamcast, PC, Game Boy Advance"
165,Rome: Total War,"Rome: Total War is the next generation in epic strategy gaming from the critically acclaimed and award winning Total War brand. The aim of the game is to conquer, rule and manipulate the Roman Empire with the ultimate goal of being declared as the ""Imperator"" of Rome. Set in a time when the mighty Roman Empire emerged to conquer the know...",Creative Assembly,"Sep 22, 2004",Real-Time Strategy,92,9.0,"iOS (iPhone/iPad), PC"
166,Forza Motorsport 3,"Whether it's an exotic sports car like the new Audi R8 V10, a classic American muscle car such as the Ford GT, or a hot Asian import such as the Nissan 370Z, everyone has a dream car. The game makes it possible for everyone to experience the thrill of owning the world's most exotic and exquisite cars. Live the most realistic racing exper...",Turn 10,"Oct 27, 2009",Auto Racing Sim,92,8.2,Xbox 360
167,Demon's Souls,"From PlayStation Studios and Bluepoint Games comes a remake of the PlayStation classic, Demon’s Souls. Entirely rebuilt from the ground up and masterfully enhanced, this remake introduces the horrors of a fog-laden, dark fantasy land to a whole new generation of gamers. Those who’ve faced its trials and tribulations before, can once agai...",Bluepoint Games,"Nov 11, 2020",Action RPG,92,8.4,PlayStation 5
168,Street Fighter 6,"Powered by Capcom’s proprietary RE ENGINE, the Street Fighter 6 experience spans across three distinct game modes featuring World Tour, Fighting Ground and Battle Hub. Diverse Roster of 18 Fighters. Play legendary masters and new fan favorites like Ryu, Chun-Li, Luke, Jamie, Kimberly and more in this latest edition with each character fe...",Capcom,"Jun 2, 2023",2D Fighting,92,7.5,"PlayStation 5, Xbox Series X, PlayStation 4, PC"
169,Undertale,"Welcome to UNDERTALE. In this RPG, you control a human who falls underground into the world of monsters. Now you must find your way out... or stay trapped forever.",tobyfox,"Sep 15, 2015",JRPG,92,8.6,"PC, PlayStation 4, PlayStation Vita, Nintendo Switch, Xbox One, Xbox Series X"
170,Batman: Arkham Asylum,"In Batman: Arkham Asylum, the player assumes the role of Batman as he delivers The Joker to Arkham Asylum. There, the imprisoned super-villains have set a trap and an immersive combat gaming experience unfolds. With an original script penned by Emmy Award-winning Batman writer Paul Dini, the game brings the universe of DC Comics' detecti...",Rocksteady Studios,"Aug 25, 2009",Action Adventure,92,8.6,"PC, Xbox 360, PlayStation 3, Nintendo Switch, DS"
171,Super Mario Sunshine,"When Mario, Peach, and an entourage of Peach's loyal Toad friends set out for a tropical vacation on lovely Isle Delfino, they're in store for much more than a relaxing holiday. A mustachioed maniac has mucked up the entire island, and Mario is accused of committing the crime. Armed with a hi-tech water cannon called FLUDD (Flash Liquidi...",Nintendo,"Aug 26, 2002",3D Platformer,92,8.3,GameCube
172,Thief: The Dark Project,"Sneak through the shadows of 12 treacherous missions including haunted cathedrals, subterranean ruins, and forbidding prisons, in a dark and sinister city. Stalk your prey on the quest for stolen goods with your blackjack, sword and an assortment of unique arrows. Steal for money and uncover the hidden agendas of your allies and enemies...",Looking Glass Studios,"Nov 30, 1998",Action Adventure,92,8.8,PC
173,Tony Hawk's Pro Skater,"Skate as legendary Tony Hawk, or as one of nine top pros. Work your way up the ranks by landing suicidal tricks in brutal competitions to become the highest-ranked skate champ.",Neversoft Entertainment,"Sep 29, 1999",Skating,92,8.1,"Dreamcast, PlayStation, Nintendo 64"
174,Fire Emblem: Awakening,"Lead an army of soldiers in a series of scaled turn-based strategy battles. In the process, develop relationships with your team, utilizing their special abilities on the battlefield to gain victory and advance the story, which features a wide array of characters from a variety of nations and backgrounds. They can be joined by a characte...",Intelligent Systems,"Feb 4, 2013",Turn-Based Tactics,92,9.0,3DS
175,Age of Empires II: The Age of Kings,"Age of Empires II: The Age of Kings is the sequel to the award-winning, best-selling real-time strategy game ""Age of Empires."" Age of Empires II spans a thousand years, from the fall of Rome through the Middle Ages in which players lead one of 13 civilizations into greatness. The game keeps the epic scope of Age of Empires' game play whi...",Ensemble Studios,"Sep 30, 1999",Command RTS,92,9.0,"PlayStation 2, PC"
176,Final Fantasy X,Final Fantasy's first game on the Playstation 2 is the first to use voice acting and a massive leap in the cinematic approach to storytelling.  Stop reading and go play.,SquareSoft,"Dec 17, 2001",JRPG,92,8.9,"PlayStation 2, PlayStation Vita"
177,Sid Meier's Alpha Centauri,"Legendary designer Sid Meier presents the next evolution in strategy games, with the most addictive, compelling gameplay yet. Explore the alien planet that is your new home and uncover its myriad mysteries. Discover over 75 extraordinary technologies. Build over 60 base upgrades and large-scale secret projects for your empire. Conquer yo...",Firaxis Games,"Feb 12, 1999",4X Strategy,92,8.6,PC
178,Wave Race 64,"Wave Race 64 is sure to provide some of the most exciting racing you've ever experienced. Feel the pounding and crashing of the waves as you accelerate into straight-aways, whip around the marker buoys and go airborne on the jump ramps. Don't race alone - challenge a friend! Take control in three different modes of play - Championship, T...",Nintendo,"Nov 1, 1996",Arcade Racing,92,8.3,Nintendo 64
179,Divinity: Original Sin II - Definitive Edition,"Set a thousand years after the first game, Divinity: Original Sin II presents a darker, more grounded narrative and expands on the tactical combat system of its award-winning predecessor. In Divinity: Original Sin, you were on a quest for the forbidden Source magic. Now, you yourself are a Sourcerer: a dangerously powerful individual who...",Larian Studios Games,"Aug 31, 2018",Western RPG,92,8.2,"Xbox One, PlayStation 4, PC, Nintendo Switch, iOS (iPhone/iPad)"
180,Galactic Civilizations II: Twilight of the Arnor,"The galaxy is being consumed by the fires of war as we enter the final act of the Dread Lord saga. Galactic Civilizations II: Twilight of the Arnor is the second  expansion pack to the award-winning PC strategy game, Galactic Civilizations II. Galactic Civilizations II: Twilight of the Arnor expands the gameplay of Galactic Civilizations...",Stardock,"Apr 30, 2008",4X Strategy,92,8.3,PC
181,Super Smash Bros. for Nintendo 3DS / Wii U,"Return to a world of exciting battles with Super Smash Bros. as you fight your way through a host of fan-favorite opponents. Make your way through memorable stages inspired by the most notorious classic Nintendo games. Challenge a myriad of familiar faces to battle, including Mario, Link, Samus and Pikachu, or take on new contenders, suc...",Bandai Namco Games,"Nov 21, 2014",2D Fighting,92,8.8,"3DS, Wii U"
182,Guitar Hero II,"Rock the Rhythm, Lead, and Bass Guitar tracks in the follow-up sequel to ""Guitar Hero."" Form your guitar duo and shred riffs cooperatively or go head to head in all new multiplayer modes. With over 55 tracks to rock out to, you'll go from Guitar Hero to Guitar god in one press of a fret button. Choose from multiple rock characters and ja...",Harmonix Music Systems,"Nov 7, 2006",Rhythm,92,8.2,"PlayStation 2, Xbox 360"
183,Final Fantasy VII,"An evil and powerful corporation is slowly draining life from the planet in an effort to control the universe. However, a small rebellion, known as AVALANCHE, has vowed to put an end to this destructive plan.

You take on the role of Cloud Strife, an ex-soldier of the evil Shinra corporation, who joins AVALANCHE as a selfish mercenary,...",SquareSoft,"Sep 7, 1997",JRPG,92,8.9,"PlayStation, PC, PlayStation 4, iOS (iPhone/iPad), Nintendo Switch, Xbox One"
184,Chrono Trigger,"[Metacritic's 2008 DS Game of the Year] When a newly developed teleportation device malfunctions at the Millennial Fair, young Crono must travel through time to rescue his unfortunate companion from an intricate web of past and present perils. The swashbuckling adventure that ensues soon unveils an evil force set to destroy the world, tr...",TOSE,"Nov 25, 2008",JRPG,92,9.2,"PlayStation, DS, iOS (iPhone/iPad), PC"
185,Final Fantasy XIV: Endwalker,"Endwalker is the fourth expansion pack for FINAL FANTASY XIV Online. Experience the climax of the Hydaelyn and Zodiark story, and encounter an even greater calamity than ever before as you travel to the far reaches of Hydaelyn and even to the moon.",Creative Business Unit III,"Dec 7, 2021",MMORPG,92,9.0,"PC, PlayStation 4, PlayStation 5"
186,Journey,"Enter the world of Journey, the third game from indie developers thatgamecompany (creators of ""flOw"" and ""Flower""). Journey is an interactive parable, an anonymous online adventure to experience a person’s life passage and their intersections with other’s. You wake alone and surrounded by miles of burning, sprawling desert, and soon disc...",ThatGameCompany,"Mar 13, 2012",3D Platformer,92,8.7,"PlayStation 3, PlayStation 4, PC, iOS (iPhone/iPad)"
187,Conker's Bad Fur Day,"The day after his 21st birthday bash, Conker's sporting the worst hangover ever, and he just can't seem to find his way home. Prepare to stagger through randy, raunchy, raucous scenarios crammed full of bad manners, twisted humor, and graphic bodily functions. Unless you're a fan of violence, foul language, and racy innuendo, you'd best...",Rare Ltd.,"Mar 4, 2001",3D Platformer,92,8.8,Nintendo 64
188,Medal of Honor (1999),"Tomorrow is D-Day. Tonight you land behind enemy lines. The tide of the way is in your hands. You are an elite Special Forces agent sent to execute covert operations, search and rescue missions, and commando raids. Fight to win the medal of Honor in the only game that lets you take on Nazis in WWII.",Dreamworks Interactive,"Oct 31, 1999",FPS,92,8.7,PlayStation
189,Rock Band 2,"Rock Band 2 builds upon its foundation as the first music game to introduce co-operative band gameplay, multiple instruments, a robust online multiplayer experience, an unrivaled offering of downloadable content and raises the bar by delivering an entirely new level of depth, connectivity, authenticity and features including: Backwards c...",Harmonix Music Systems,"Sep 14, 2008",Rhythm,92,8.1,"PlayStation 3, Xbox 360, Wii, PlayStation 2"
190,Mario Kart 8 Deluxe,"Race and battle your friends in the definitive version of Mario Kart 8. Hit the road with the definitive version of Mario Kart 8 and play anytime, anywhere! Race your friends or battle them in a revised battle mode on new and returning battle courses. Play locally in up to 4-player multiplayer in 1080p while playing in TV Mode. Every tra...",Nintendo,"Apr 28, 2017",Auto Racing,92,8.6,Nintendo Switch
191,The ICO & Shadow of the Colossus Collection,This collection provides HD and 3D updates for PS2 classics Ico and Shadow of the Colossus.,Bluepoint Games,"Sep 27, 2011",Compilation,92,8.7,PlayStation 3
192,Metroid Prime 2: Echoes,"The sequel to Metroid Prime puts you in the role of bounty hunter Samus Aran once again. Your mission is to locate federation troopers who are missing on Aether--a planet torn into light and dark domains. To help you travel through the depths of light and dark, you'll have all-new beam weapons, a screw attack, and power-ups. Eliminate yo...",Retro Studios,"Nov 15, 2004",FPS,92,8.8,"Wii, GameCube"
193,Out of the Park Baseball 17,"Step into the shoes of a team owner, GM, and/or field manager to own the future or rewrite the past of your favorite real-world club. Start a new career with 2016 Opening Day rosters of the real major or minor leagues, or span through 150 years of history and run any club from the past! Perform drafts, trades, scouting, waivers, team fin...",Out Of The Park Developments,"Mar 22, 2016",Baseball Sim,92,10,PC
194,Metroid Fusion,"While lending mission support on planet SR388, interstellar bounty hunter Samus Aran is attacked by an X parasite, an organism with the ability to mimic the abilities of any creature it infects. Near death, Samus is saved by a vaccine made from the DNA of the last Metroid--the X parasite's only natural predator. When the X spread to a re...",Nintendo,"Nov 17, 2002",Metroidvania,92,8.9,Game Boy Advance
195,The Witcher 3: Wild Hunt - Blood and Wine,"This expansion pack is an old-school add on with 20 hours of new adventures, where players will travel to the land of Toussaint.",CD Projekt Red Studio,"May 30, 2016",Action RPG,92,9.3,"PC, PlayStation 4, Xbox One"
196,Final Fantasy VI,"Learn From The Past. Many centuries have passed since the war of the Magi - civilisations have been rebuilt with iron, machines and technology. But the forces of magic have begun to return, and when an ancient Esper is discovered, the risk of war resurfaces. Featuring all-new CG cinematic sequences exclusive to this edition. Discover the...",TOSE,"Feb 5, 2007",JRPG,92,8.3,"PlayStation, iOS (iPhone/iPad), PC, Game Boy Advance"
197,Rayman Legends,"Rayman, Globox, and the Teensies are off wandering through an enchanted forest when they discover a mysterious tent filled with a series of captivating paintings. As they look more closely, they notice each painting seems to tell the story of a mythical world. While focusing on a painting that shows a medieval land, they are suddenly suc...",Ubisoft Montpellier,"Sep 3, 2013",2D Platformer,92,8.7,"Wii U, PlayStation 3, PlayStation Vita, PC, Xbox 360, PlayStation 4, Xbox One"
198,UFO 50,"UFO 50 is a collection of 50 single and multiplayer games from the creators of Spelunky, Downwell, and Catacomb Kids. Explore a variety of genres, from platformers and shoot 'em ups to puzzle games, roguelites, and RPGs. Our goal is to combine a familiar 8-bit aesthetic with new ideas and modern game design.",Mossmouth,"Sep 18, 2024",Party,91,7.6,PC
199,Madden NFL 2005,"Force the action on defense in Madden NFL 2005. New defensive tools allow you to make more plays and be in on all of the action. The all-new Hit Stick lets you lay the big hit to turn the momentum of the game in your favor. Modify pre-snap assignments, including double teams and player-specific match ups, for any defensive player on the...",EA Tiburon,"Aug 9, 2004",Football Sim,91,,"Xbox, PC, PlayStation 2, GameCube, Game Boy Advance, PlayStation, DS"
200,Against the Storm,"Banished meets Slay the Spire.

Against the Storm is a roguelite city builder set in a fantasy world where it never stops raining. You are the Queen's viceroy - a pioneer sent into the wilds to establish and manage new settlements inhabited by beavers, lizards, and humans.

Your goal is to survive long enough and gather the valuable...",Eremite Games,"Dec 8, 2023",Management,91,8.0,PC
201,Myth: The Fallen Lords,"Myth is arguably the first real-time strategy game to put the player in a true 3D landscape, with an emphasis on tactical battlefield action rather than base construction. Myth also happens to be one of Bungie's most successful pre-Halo releases, and shows off the company's range and ability in genres outside of first-person shooters. A...",Bungie,"Oct 31, 1997",Real-Time Strategy,91,8.5,PC
202,Medal of Honor: Allied Assault,"As Lt. Mike Powell, member of the famed 1st Ranger Battalion, you'll battle through over 20 levels based on historical military campaigns of World War II. Fire period weapons and command authentic war vehicles as you silence the gun batteries at Port Arzew, survive the Omaha Beach landing, and more. [Electronic Arts]",2015,"Jan 20, 2002",FPS,91,8.5,PC
203,LittleBigPlanet 2,Media Molecule and Sony Europe are already working on a follow-up to their critically acclaimed platformer.,Media Molecule,"Jan 18, 2011",2D Platformer,91,8.6,PlayStation 3
204,Microsoft Flight Simulator,"From light planes to wide-body jets, fly highly detailed and accurate aircraft in the next generation of Microsoft Flight Simulator. Test your piloting skills against the challenges of night flying, real-time atmospheric simulation and live weather in a dynamic and living world.",Asobo Studio,"Aug 18, 2020",Aircraft Sim,91,10,"Xbox Series X, PC"
205,Guitar Hero,"Strap on your Guitar Hero SG controller, plug-in, and CRANK IT UP. Guitar Hero creates all the sensations of being a rock star, as you rock out to 30 of the greatest rock anthems of all time and more. Soundtrack includes songs as made famous by such legendary artists as the Red Hot Chili Peppers, David Bowie, Boston, Sum 41, Ozzy Osbourn...",Harmonix Music Systems,"Nov 7, 2005",Rhythm,91,8.1,PlayStation 2
206,Slay The Princess - The Pristine Cut,"You're on a path in the woods, and at the end of that path is a cabin. And in the basement of that cabin is a Princess.

You're here to slay her. If you don't, it will be the end of the world.

She will do everything in her power to stop you. She'll charm, and she'll lie, and she'll promise you the world, and if you let her, she'll k...",Black Tabby Games,"Oct 24, 2024",Visual Novel,91,8.8,"Nintendo Switch, PlayStation 5, Xbox Series X, PC, PlayStation 4, Xbox One"
207,World of Warcraft: Wrath of the Lich King,"Players last visited Northrend in ""Warcraft III: The Frozen Throne,"" when Arthas Menethil fused with the spirit of Ner’zhul to become the Lich King, one of the most powerful beings in the Warcraft universe. He now broods atop the Frozen Throne deep in Icecrown Citadel, clutching the rune blade Frostmourne and marshaling the undead armies...",Blizzard Entertainment,"Nov 13, 2008",MMORPG,91,8.2,PC
208,Metroid Prime Trilogy,"Metroid Prime 3: Corruption set a new standard for first-person motion controls in video games. Now it’s bringing those controls to the rest of the celebrated series, allowing players to experience the entire Metroid Prime story arc with the precision of the Wii Remote. Metroid Prime Trilogy, is a three-game collection for the Wii consol...",Retro Studios,"Aug 24, 2009",Compilation,91,9.0,Wii
209,I Was a Teenage Exocolonist,"Spend your teenage years on an alien planet in this narrative RPG with card-based battles. Explore, grow up, and fall in love. The choices you make and skills you master over ten years will determine the course of your life and the survival of your colony.",Northway Games,"Aug 25, 2022",Card Battle,91,7.8,"PC, PlayStation 5, PlayStation 4, Nintendo Switch"
210,Madden NFL 2001,"EA Sports steps up to the challenge of Sega's ""NFL2k1"" with mind-blowing graphics and innovative ""Madden Cards"" -- Upper Deck creations purchased with tokens earned by completing in-game challenges which can be used as power-ups during the game.  Match up all current NFL teams as well as great teams from the past in Season, Franchise, or...",EA Sports,"Oct 23, 2000",Football Sim,91,9,"PlayStation 2, Nintendo 64, PlayStation, PC"
211,Baldur's Gate,"Baldur's Gate takes you back to the Forgotten Realms on a visually dazzling role-playing adventure, one that brings to life the grand tradition of Advanced Dungeons & Dragons through cutting edge art and technology. Immerse yourself in this quintessential medieval fantasy world, where entire nations hang in the balance of your actions, d...",BioWare,"Dec 21, 1998",Western RPG,91,8.8,"PlayStation, PC, Dreamcast"
212,Overwatch,"Overwatch is a highly stylized team-based shooter set on earth in the near future. Every match is an intense multiplayer showdown pitting a diverse cast of soldiers, mercenaries, scientists, adventurers, and oddities against each other in an epic, globe-spanning conflict.",Blizzard Entertainment,"May 23, 2016",Tactical FPS,91,10,"PC, PlayStation 4, Xbox One, Nintendo Switch"
213,F1 Challenge '99-'02,"Cutting-edge technology brings you the most accurate representation of Formula One to date. High-resolution car models include details right down to the very last shut line. Circuits include real life structures, helicopters, airplanes, panoramic skies, animated grid girls, motion captured pit crews, and even bumps in the track surface a...",Electronic Arts,"Jun 24, 2003",Auto Racing Sim,91,7.9,PC
214,Bayonetta 2,"In this climatic sequel to the critically acclaimed Bayonetta action game, players will be on the edge of their seats from start to finish. Brimming with epic, gorgeous cut scenes and battles that are more exhilarating than ever, this game never lets up on the action. Fight on top of a jet as it soars through a downtown city. Duke it out...",PlatinumGames,"Oct 24, 2014",Linear Action Adventure,91,9.0,"Wii U, Nintendo Switch"
215,Klonoa 2: Lunatea's Veil,"The sequel to 1997's sleeper platformer hit ""Klonoa:  Door to Phantomile"" finds our floppy-eared, baseball cap-wearing hero collecting dream stones and over-inflating his enemies with air bullets while protecting the dream world of Lunatea in this ""2-D style"" action game.",Namco,"Jul 25, 2001",2D Platformer,91,8.4,PlayStation 2
216,FreeSpace 2,"The year is 2367. Thirty-two years have passed since the Great War. As Terrans and Vasudans struggle to rebuild their civilizations, civil war erupts in the Polaris system. A rogue Terran admiral declares war against the Vasudans, threatening the stability of the Alliance. Without warning, the Shivans return, and Terrans and Vasudans fac...",Volition Inc.,"Sep 30, 1999",Space Combat Sim,91,8.7,PC
217,Colony Wars,Delivers the real experience with its spectacular cinematic graphics.,Psygnosis,"Nov 4, 1997",Space Combat Sim,91,10,PlayStation
218,Mario Tennis,"All of your favorite characters hit the court in a wild and wacky multiplayer tennis game from the makers of Mario Golf. Mario, Luigi, Bowser, Peach, Toad, and Donkey Kong lead off the all-star, 14-player line-up. The fast-paced action will have you unleashing vicious volleys, life-saving lobs, ballistic backhands and electrifying super-...",Camelot Software Planning,"Aug 28, 2000",Tennis,91,8.3,Nintendo 64
219,IL-2 Sturmovik,"Fly 31 types of Russian, German and American planes. Engage in air-to-air and air-to-ground battles. Multiplay with up to 32 players in dogfight and 16 players in cooperative missions. Use custom paint schemes, squadron nose art, numbering on wings, and national markings for each plane. [Ubi Soft]",1C Entertainment,"Nov 18, 2001",Aircraft Combat Sim,91,8.6,PC
220,Ratchet & Clank: Up Your Arsenal,"(Also known as ""Ratchet & Clank 3"")  The third installment of the Ratchet & Clank franchise incorporates new elements of gameplay not seen previously in the series, including online and offline multiplayer capabilities that will appeal to a wide variety of players. Ratchet and Clank: Up Your Arsenal returns gamers to Planet Veldin, the s...",Insomniac Games,"Nov 3, 2004",3D Platformer,91,9.0,"PlayStation Vita, PlayStation 2, PlayStation 3"
221,Resident Evil (Remake),"You take control of S.T.A.R.S. Alpha team members Chris Redfield and Jill Valentine (both recently seen in the smash hit, Resident Evil 5). Your mission is to investigate the ominous mansion at the core of the horrific disaster and uncover the secrets behind a radical, genetic research facility. With unspeakable horrors lurking around ev...",Capcom,"Apr 30, 2002",Survival,91,9.5,"GameCube, Wii"
222,Metal Gear Solid 3: Snake Eater,"In the struggle to achieve world peace and world dominance, rivaling governments are secretly developing weapons technology that could threaten the future existence of life. Destined to be the first, a race ensues to become the ultimate nation. A special elite tactical soldier is summoned to penetrate deep in the heart of enemy territory...",KCEJ,"Nov 17, 2004",Action Adventure,91,8.4,"PlayStation 2, 3DS"
223,Dragon Quest XI S: Echoes of an Elusive Age - Definitive Edition,"Dragon Quest XI: Echoes of an Elusive Age tells a captivating tale of a hunted hero and is the long-awaited role-playing game from series creator Yuji Horii, character designer Akira Toriyama and composer Koichi Sugiyama. While it is the eleventh mainline entry in the critically acclaimed series, Dragon Quest XI is a completely standalon...",Square Enix,"Sep 27, 2019",JRPG,91,8.9,"Nintendo Switch, Xbox One, PlayStation 4, PC"
224,Tomb Raider (1996),"Climb, swim, and backflip your way through a maze of cryptic deathtraps so realistic you can practically smell the decaying flesh. Unload an arsenal of lethal firepower on any wild-dog, giant lizard or blood-thirsty mercenary that gets in your way.
Your mission is the deadliest one to date -- the recovery of the fabled Scion, an incredi...",Core Design Ltd.,"Nov 15, 1996",Linear Action Adventure,91,8.3,"PlayStation, PC, iOS (iPhone/iPad)"
225,Spyro: Year of the Dragon,"Thieves have kidnapped a brood of dragon eggs, while, elsewhere in the Dragon Lands, a gateway to the Forgotten World has been uncovered. Sent to recapture the eggs, Spyro the Dragon, and his best friend Sparx, face a journey into uncharted territory against his most fearsome enemy yet - the Sorceress! All new playable characters, franti...",Insomniac Games,"Oct 10, 2000",3D Platformer,91,8.8,PlayStation
226,Twisted Metal: Black,"The original designers are back for the fifth game in the ""Twisted Metal Series,"" THE car-combat game cruising at a FAST 60 frames per second, featuring the mysterious Calypso who once again tempts inmates from a local metal hospital to compete in a tournament of automotive mayhem.",Incognito Inc.,"Jun 18, 2001",Vehicle Combat Sim,91,8.2,"PlayStation 2, PlayStation 4"
227,Forza Horizon 3,"You are now in charge of the Horizon Festival. Customize everything, hire and fire your friends, and explore Australia in over 350 of the world’s greatest cars. Make your Horizon the ultimate celebration of cars, music, and freedom of the open road. How you get there is up to you. With the new Horizon Blueprint feature, you have the powe...",Playground Games,"Sep 23, 2016",Auto Racing Sim,91,8.2,"Xbox One, PC"
228,The Legend of Zelda: Ocarina of Time / Master Quest,,Nintendo,"Feb 28, 2003",Open-World Action,91,8.9,GameCube
229,NCAA Football 2003,"The College Game: Feel all the pageantry with over 200 fight songs, 3D cheerleaders, and 117 Division I-A schools. My Favorite Team: Personalize the game interface based on your team's fight song, mascot, logos, and school colors. Build A Dynasty: Create your own school and schedule, recruit star athletes, and redshirt developing players...",EA Sports,"Jul 20, 2002",Football Sim,91,,"PlayStation 2, Xbox, GameCube"
230,Kentucky Route Zero - Act III,"Kentucky Route Zero is a magical realistic adventure game about a secret highway in the caves beneath Kentucky, and the mysterious folks who travel it.",Cardboard Computer,"May 6, 2014",Adventure,91,10,PC
231,Crysis,"Crysis is a next-generation PC first-person shooter from Crytek, the award-winning developers of ""Far Cry."" It is 2020, and global tensions have reached boiling point as the U.S. and North Korea square off in the South China Sea. At stake: a mysterious artifact uncovered by a team of U.S. archeologists. The North Korean government quickl...",Crytek,"Nov 13, 2007",FPS,91,8.1,"PC, Xbox 360, PlayStation 3"
232,Ninja Gaiden (2004),"Ninja Gaiden first debuted in the 1988 and now the young ninja returns. As Ryu Hayabusa, you seek revenge after the Vigor Empire massacres your clan. Skilled in battle actions and ninja moves, you are well prepared to hunt down the Holy Emperor and reclaim the magic sword ""Ryuken."" Ninja Gaiden features killer gameplay, stunning graphics...",Team Ninja,"Mar 2, 2004",Action Adventure,91,8.8,Xbox
233,God of War: Chains of Olympus,"[Metacritic's 2008 PSP Game of the Year] Unleash the power of the Gods and embark on a merciless quest as Kratos, an ex-Spartan warrior driven to destroy Ares, the God of War. Armed with lethal double chainblades, Kratos must carve through mythology's darkest creatures including Medusa, Cyclops, the Hydra and more, while solving intricat...",Ready at Dawn,"Mar 4, 2008",Linear Action Adventure,91,8.4,"PSP, PlayStation 3"
234,DOA2: Hardcore,"This third version of Tecmo's acclaimed fighter ""Dead or Alive 2,"" ported to the Dreamcast ealier in the year, is a visual feast for PS2 gamers with the addition of new costumes, levels, hidden characters, amped-up graphics.",Team Ninja,"Oct 25, 2000",3D Fighting,91,8.0,PlayStation 2
235,World of Warcraft: The Burning Crusade,"Several years have passed since the Burning Legion's defeat at Mount Hyjal and the races of Azeroth have continued to rebuild their once shattered lives. With renewed strength, the heroes of the Horde and Alliance have begun to explore new lands and broken through the Dark Portal to investigate the realms beyond the known world. Will the...",Blizzard Entertainment,"Jan 16, 2007",MMORPG,91,8.1,PC
236,MLB 10: The Show,"MLB 10 The Show NEW Features: HR Derby – The Home Run Derby and MLB All-Star Futures Game are now available during the All-Star break in our season modes and as a stand-alone experience. Catcher Calling the Game – Call pitches and play as the field general, just like Joe Mauer. Online Gameplay Improved – This year the online gameplay exp...",SCEA,"Mar 2, 2010",Baseball Sim,91,10,"PlayStation 2, PlayStation 3, PSP"
237,Shadow of the Colossus,"(Also known as ""Wanda and the Colossus"" or ""Wanda to Kyozou"" in Japan)  In Shadow of the Colossus, players take the role of a young man seeking the truth of an ancient tale of power hidden in a mystical land. Shadow of the Colossus is a majestic journey through ancient lands to seek out and destroy gigantic mythical beasts. With a trusty...",Bluepoint Games,"Feb 6, 2018",Action Adventure,91,7.8,"PlayStation 2, PlayStation 3, PlayStation 4"
238,Yoshi's Island: Super Mario Advance 3,,Nintendo,"Sep 24, 2002",2D Platformer,91,9.0,Game Boy Advance
239,The Longest Journey,An epic 3-D adventure spanning over 150 unique locations across two distinct and detailed worlds.  [Funcom],Funcom,"Nov 16, 2000",Point-and-Click,91,8.7,PC
240,Star Wars Jedi Knight: Dark Forces II,"In Dark Forces, Kyle Katarn, a young mercenary successfully infiltrated the Empire. Jedi Knight continues the story of Katarn as he embarks on a quest into his past and learns the mysterious ways of the Jedi. With this knowledge, he must stop seven Dark Jedi from unlocking the powers of a hidden Jedi burial ground. This task forces Katar...",LucasArts,"Oct 9, 1997",FPS,91,8.6,PC
